Order-Id,Item-id,Product-Id,Quantity,Sales-Id,Customer-Id,Sales-Price-Per-Prod,Market-Segment
0,0,15,22,0,16,322,pharmaceutical
1,1,28,15,7,25,84,realestate
2,2,18,12,29,29,85,realestate
3,3,10,6,26,37,476,education
4,4,29,12,7,41,400,pharmaceutical
5,5,16,26,9,23,270,realestate
6,6,31,13,27,8,527,retail
7,7,15,6,25,26,299,pharmaceutical
8,8,38,18,9,16,282,financial
9,9,1,25,17,5,346,pharmaceutical
10,10,7,7,8,35,359,education
11,11,47,23,28,22,301,realestate
12,12,27,28,18,27,140,pharmaceutical
13,13,7,12,29,31,372,pharmaceutical
14,14,3,14,27,8,53,retail
15,15,40,10,2,10,210,retail
16,16,31,26,18,20,496,education
17,17,36,29,28,1,39,education
18,18,32,3,19,40,264,retail
19,19,48,25,11,35,162,education
20,20,36,7,1,13,106,financial
21,21,38,22,6,9,277,software
22,22,43,29,12,14,318,realestate
23,23,28,10,25,12,89,education
24,24,20,19,7,10,388,financial
25,25,8,23,29,15,237,pharmaceutical
26,26,44,14,3,8,373,financial
27,27,22,4,15,43,469,software
28,28,23,15,18,32,307,realestate
29,29,47,27,1,22,317,retail
30,30,26,9,26,4,332,pharmaceutical
31,31,29,10,15,3,359,education
32,32,20,11,22,25,403,retail
33,33,42,9,26,14,289,pharmaceutical
34,34,14,15,18,29,366,pharmaceutical
35,35,19,2,26,42,313,software
36,36,21,16,0,39,158,education
37,37,23,17,4,18,303,education
38,38,45,17,15,1,182,education
39,39,43,15,15,25,321,education
40,40,18,8,0,33,57,retail
41,41,35,1,15,1,494,retail
42,42,27,29,16,14,137,financial
43,43,30,1,11,40,260,pharmaceutical
44,44,31,2,17,17,513,realestate
45,45,0,6,19,38,121,realestate
46,46,15,30,27,27,298,pharmaceutical
47,47,19,22,19,23,354,education
48,48,44,30,0,20,362,education
49,49,40,2,10,4,227,education
50,50,2,21,15,30,97,financial
51,51,34,10,17,38,401,education
52,52,39,19,17,7,436,financial
53,53,12,8,6,2,290,retail
54,54,49,2,28,40,185,retail
55,55,23,6,11,5,282,software
56,56,42,6,8,41,291,education
57,57,10,6,14,8,515,pharmaceutical
58,58,38,18,2,43,290,realestate
59,59,39,22,12,41,420,retail
60,60,11,3,8,18,490,realestate
61,61,29,30,11,1,381,retail
62,62,32,5,26,4,228,realestate
63,63,38,3,14,23,284,financial
64,64,28,5,10,27,90,education
65,65,49,15,10,27,188,retail
66,66,10,28,28,1,519,realestate
67,67,23,17,27,22,310,education
68,68,45,30,14,26,178,realestate
69,69,35,1,4,31,530,realestate
70,70,38,17,6,10,289,retail
71,71,30,17,8,16,239,software
72,72,5,6,10,31,336,education
73,73,43,10,9,10,323,financial
74,74,23,17,11,22,281,education
75,75,25,4,11,2,529,software
76,76,32,11,18,7,287,financial
77,77,2,19,28,27,92,retail
78,78,5,13,20,8,367,education
79,79,16,14,10,14,266,financial
80,80,3,23,19,17,85,realestate
81,81,37,19,27,17,123,pharmaceutical
82,82,1,17,5,38,325,retail
83,83,15,5,8,16,300,financial
84,84,22,22,27,15,516,pharmaceutical
85,85,23,11,0,5,292,realestate
86,86,20,2,14,26,413,financial
87,87,35,17,18,36,497,software
88,88,1,29,21,39,347,realestate
89,89,47,23,26,2,306,realestate
90,90,16,5,27,44,273,software
91,91,49,12,15,35,183,financial
92,92,21,25,3,33,144,software
93,93,38,18,27,1,285,realestate
94,94,3,17,8,31,72,pharmaceutical
95,95,8,19,12,17,301,financial
96,96,20,19,20,41,388,pharmaceutical
97,97,34,25,19,31,368,software
98,98,33,24,5,3,53,education
99,99,10,30,17,23,487,education
100,100,21,5,6,6,155,financial
101,101,44,22,29,35,363,education
102,102,7,4,21,5,382,pharmaceutical
103,103,20,23,20,21,422,pharmaceutical
104,104,25,3,3,4,496,realestate
105,105,43,19,1,37,327,realestate
106,106,40,17,13,16,219,financial
107,107,2,4,9,40,98,software
108,108,5,4,15,11,368,realestate
109,109,43,29,21,4,324,retail
110,110,21,3,19,43,168,education
111,111,45,26,5,10,170,pharmaceutical
112,112,46,1,16,16,98,realestate
113,113,44,11,20,36,377,pharmaceutical
114,114,7,9,19,38,380,realestate
115,115,41,11,28,18,338,education
116,116,18,10,19,15,68,education
117,117,45,26,22,30,165,pharmaceutical
118,118,2,25,15,16,94,pharmaceutical
119,119,30,23,29,6,281,software
120,120,2,2,23,20,94,realestate
121,121,11,24,4,1,468,financial
122,122,37,24,1,23,79,realestate
123,123,39,26,2,9,420,pharmaceutical
124,124,19,16,9,27,330,software
125,125,36,26,14,40,100,pharmaceutical
126,126,44,11,29,0,379,realestate
127,127,11,7,1,33,489,pharmaceutical
128,128,46,14,23,13,107,pharmaceutical
129,129,37,30,22,36,84,software
130,130,40,26,7,28,211,realestate
131,131,14,13,12,34,377,realestate
132,132,4,11,19,28,108,education
133,133,18,8,19,12,73,realestate
134,134,17,18,27,21,439,financial
135,135,48,15,19,27,161,education
136,136,49,17,19,0,186,retail
137,137,33,11,19,36,53,realestate
138,138,16,8,13,14,277,pharmaceutical
139,139,31,25,28,2,471,retail
140,140,1,10,14,0,331,retail
141,141,5,25,2,44,348,software
142,142,48,8,5,6,206,retail
143,143,19,22,8,2,344,retail
144,144,44,20,28,17,380,software
145,145,46,13,0,18,119,financial
146,146,2,24,13,1,92,software
147,147,28,7,11,9,87,education
148,148,22,3,5,0,475,pharmaceutical
149,149,20,20,17,15,403,pharmaceutical
150,150,3,8,24,33,93,software
151,151,19,21,2,14,341,financial
152,152,20,11,25,21,392,education
153,153,39,21,12,19,425,software
154,154,28,25,14,10,94,education
155,155,28,27,24,28,87,pharmaceutical
156,156,14,15,26,30,361,financial
157,157,45,3,1,29,154,realestate
158,158,27,7,10,29,136,education
159,159,28,6,7,23,93,financial
160,160,44,23,7,7,386,software
161,161,36,28,5,36,69,software
162,162,19,9,6,15,337,realestate
163,163,49,5,28,22,180,education
164,164,5,22,9,21,357,realestate
165,165,18,7,0,14,97,pharmaceutical
166,166,46,16,19,10,128,software
167,167,42,26,16,18,329,realestate
168,168,27,28,3,28,143,financial
169,169,2,14,3,39,95,pharmaceutical
170,170,34,9,5,17,375,education
171,171,16,14,12,31,272,realestate
172,172,36,14,2,5,63,financial
173,173,28,20,6,13,84,software
174,174,38,8,23,43,293,education
175,175,18,16,23,21,60,financial
176,176,41,16,21,32,275,software
177,177,47,6,19,29,316,software
178,178,0,16,25,3,121,financial
179,179,28,24,21,6,89,education
180,180,34,27,1,40,395,financial
181,181,21,7,11,34,154,software
182,182,0,29,28,9,119,realestate
183,183,7,3,13,15,405,pharmaceutical
184,184,48,20,23,6,201,pharmaceutical
185,185,21,19,0,16,170,financial
186,186,10,12,14,32,513,realestate
187,187,6,5,13,31,236,realestate
188,188,6,28,13,39,258,retail
189,189,32,13,15,36,268,software
190,190,20,22,23,35,382,financial
191,191,43,10,4,33,314,retail
192,192,10,19,8,2,477,education
193,193,22,27,22,43,468,retail
194,194,49,10,26,40,186,financial
195,195,32,19,21,35,280,software
196,196,14,19,22,2,366,pharmaceutical
197,197,20,5,27,38,423,financial
198,198,20,22,29,12,408,realestate
199,199,44,7,6,42,359,financial
200,200,10,27,21,22,456,financial
201,201,37,11,5,2,132,realestate
202,202,19,9,3,6,340,software
203,203,7,25,18,36,373,education
204,204,25,13,27,34,551,realestate
205,205,2,27,14,43,83,software
206,206,3,22,20,2,91,pharmaceutical
207,207,33,30,13,33,50,software
208,208,11,20,20,40,469,education
209,209,39,3,22,1,427,software
210,210,21,30,17,32,156,financial
211,211,31,29,0,37,524,software
212,212,13,9,19,39,340,education
213,213,17,10,13,22,440,retail
214,214,43,17,6,40,318,realestate
215,215,19,3,27,5,332,pharmaceutical
216,216,29,13,12,16,387,realestate
217,217,10,24,1,39,474,education
218,218,19,18,5,40,343,software
219,219,39,14,6,33,425,retail
220,220,5,29,10,28,368,pharmaceutical
221,221,20,26,7,13,374,pharmaceutical
222,222,3,18,17,6,92,software
223,223,45,21,18,32,198,retail
224,224,29,8,9,2,380,retail
225,225,16,23,29,29,266,retail
226,226,43,16,2,7,321,software
227,227,39,30,18,41,437,education
228,228,18,11,29,33,84,software
229,229,13,17,12,12,346,realestate
230,230,1,29,6,12,329,realestate
231,231,23,2,5,34,297,software
232,232,26,21,11,21,335,education
233,233,36,15,17,5,50,retail
234,234,28,28,25,9,93,education
235,235,32,1,21,13,242,software
236,236,10,26,19,22,497,realestate
237,237,40,16,15,30,225,financial
238,238,30,20,2,14,217,retail
239,239,15,20,23,14,300,retail
240,240,41,9,8,27,304,software
241,241,18,13,4,44,82,financial
242,242,23,1,11,25,294,pharmaceutical
243,243,33,26,14,29,49,pharmaceutical
244,244,47,16,8,21,303,realestate
245,245,22,15,11,7,487,realestate
246,246,35,7,14,38,529,retail
247,247,29,21,14,6,389,financial
248,248,39,13,7,37,422,education
249,249,48,30,26,42,143,pharmaceutical
250,250,28,21,23,41,93,education
251,251,24,14,8,31,267,education
252,252,18,25,6,16,55,pharmaceutical
253,253,25,9,19,30,528,financial
254,254,33,28,5,9,51,education
255,255,15,8,9,6,338,pharmaceutical
256,256,15,27,3,31,316,education
257,257,30,23,28,4,244,education
258,258,35,17,2,9,523,financial
259,259,25,1,22,17,506,pharmaceutical
260,260,37,8,22,34,83,financial
261,261,24,25,27,30,271,pharmaceutical
262,262,5,10,23,19,343,pharmaceutical
263,263,6,1,24,3,244,retail
264,264,25,20,14,32,540,retail
265,265,5,8,5,29,372,financial
266,266,36,20,28,13,40,retail
267,267,13,20,15,22,363,retail
268,268,18,21,21,42,91,financial
269,269,44,15,27,11,361,pharmaceutical
270,270,21,12,12,22,137,pharmaceutical
271,271,31,26,11,40,506,financial
272,272,10,13,29,13,458,education
273,273,47,25,9,43,301,software
274,274,28,12,26,20,92,pharmaceutical
275,275,1,26,24,40,310,realestate
276,276,20,6,15,13,371,financial
277,277,43,5,21,27,324,software
278,278,48,11,13,35,185,pharmaceutical
279,279,26,17,17,1,330,pharmaceutical
280,280,35,19,17,15,532,retail
281,281,33,24,5,27,53,financial
282,282,40,15,11,31,216,retail
283,283,16,26,25,32,276,software
284,284,36,13,11,1,48,realestate
285,285,17,26,11,6,440,financial
286,286,43,26,29,17,325,realestate
287,287,40,5,23,20,221,realestate
288,288,9,24,6,16,298,retail
289,289,14,15,15,29,371,retail
290,290,38,14,18,33,285,pharmaceutical
291,291,8,2,19,5,241,software
292,292,45,24,15,25,181,software
293,293,27,21,11,2,133,education
294,294,19,25,24,41,311,retail
295,295,10,11,15,18,451,realestate
296,296,32,1,23,20,233,pharmaceutical
297,297,10,28,10,25,493,pharmaceutical
298,298,21,10,4,7,163,software
299,299,41,6,2,17,277,realestate
300,300,25,23,3,39,492,retail
301,301,13,28,23,11,385,financial
302,302,20,9,3,7,419,pharmaceutical
303,303,14,7,5,3,368,education
304,304,18,22,27,19,75,retail
305,305,37,15,25,4,126,retail
306,306,8,12,6,20,308,pharmaceutical
307,307,47,20,18,17,308,pharmaceutical
308,308,20,9,7,8,381,retail
309,309,25,7,24,17,536,realestate
310,310,8,19,22,17,275,financial
311,311,0,26,11,5,121,financial
312,312,38,7,13,13,281,software
313,313,28,10,26,10,87,financial
314,314,41,3,21,26,321,financial
315,315,17,28,20,33,433,retail
316,316,33,1,1,35,51,education
317,317,14,13,18,39,367,realestate
318,318,10,1,7,24,519,retail
319,319,6,20,3,42,221,education
320,320,30,6,25,12,268,retail
321,321,47,27,28,4,319,pharmaceutical
322,322,31,7,26,13,524,education
323,323,25,22,25,33,512,education
324,324,49,7,9,36,189,pharmaceutical
325,325,43,30,27,15,326,realestate
326,326,19,26,8,7,319,software
327,327,44,4,12,25,366,retail
328,328,9,21,3,18,330,education
329,329,32,21,23,44,270,retail
330,330,49,19,24,13,192,pharmaceutical
331,331,28,16,23,4,89,retail
332,332,40,2,19,15,213,financial
333,333,22,7,15,41,509,education
334,334,38,23,24,31,282,pharmaceutical
335,335,37,1,14,20,132,realestate
336,336,14,28,23,18,379,retail
337,337,20,11,7,9,371,pharmaceutical
338,338,26,24,7,14,334,financial
339,339,0,20,9,8,123,financial
340,340,44,18,7,36,361,realestate
341,341,26,17,12,20,335,software
342,342,23,23,14,12,296,pharmaceutical
343,343,34,8,4,24,366,financial
344,344,25,9,25,21,490,financial
345,345,37,15,5,15,129,pharmaceutical
346,346,0,3,28,10,122,realestate
347,347,16,25,0,19,272,pharmaceutical
348,348,2,15,3,15,88,retail
349,349,34,20,0,21,397,financial
350,350,40,3,26,26,224,retail
351,351,6,3,13,5,262,pharmaceutical
352,352,35,24,25,12,505,education
353,353,17,10,3,18,433,software
354,354,35,17,20,34,495,education
355,355,0,2,23,21,122,software
356,356,29,8,8,37,367,pharmaceutical
357,357,0,21,16,13,120,realestate
358,358,14,27,5,21,361,education
359,359,3,2,2,18,78,education
360,360,43,30,19,13,317,financial
361,361,0,25,4,28,123,education
362,362,41,28,20,20,275,financial
363,363,3,28,29,43,77,education
364,364,16,10,8,39,267,pharmaceutical
365,365,17,30,8,36,437,pharmaceutical
366,366,37,17,2,8,107,realestate
367,367,33,24,18,9,52,realestate
368,368,7,17,7,38,393,financial
369,369,26,6,22,16,335,retail
370,370,20,17,22,39,386,software
371,371,6,25,16,41,227,retail
372,372,16,20,3,24,276,education
373,373,16,10,27,25,272,retail
374,374,37,23,20,38,135,pharmaceutical
375,375,34,9,26,9,365,pharmaceutical
376,376,17,11,27,3,432,pharmaceutical
377,377,43,13,27,11,314,software
378,378,38,16,5,39,277,retail
379,379,46,10,21,41,108,realestate
380,380,25,21,25,11,553,education
381,381,43,16,7,42,314,realestate
382,382,9,12,24,37,304,financial
383,383,45,26,7,22,157,software
384,384,32,22,17,17,248,pharmaceutical
385,385,43,10,14,4,317,education
386,386,40,22,2,12,224,education
387,387,30,1,10,38,259,retail
388,388,18,10,0,34,68,financial
389,389,3,23,0,32,45,financial
390,390,2,8,17,32,92,realestate
391,391,42,25,24,27,333,realestate
392,392,42,24,13,34,294,realestate
393,393,44,9,28,11,388,retail
394,394,6,8,26,0,230,education
395,395,44,17,6,35,373,pharmaceutical
396,396,13,16,2,3,351,financial
397,397,17,5,19,4,442,financial
398,398,1,25,22,25,345,retail
399,399,9,16,15,4,299,software
400,400,32,17,29,0,229,financial
401,401,14,9,24,26,371,retail
402,402,46,28,4,1,75,education
403,403,44,10,3,36,385,pharmaceutical
404,404,32,12,27,24,234,realestate
405,405,22,5,19,35,492,retail
406,406,15,5,1,24,329,education
407,407,13,15,17,19,384,pharmaceutical
408,408,32,9,22,13,260,pharmaceutical
409,409,45,24,16,29,143,education
410,410,49,2,7,7,184,retail
411,411,3,30,23,42,93,realestate
412,412,6,8,29,6,225,software
413,413,8,16,22,41,264,realestate
414,414,19,2,10,30,344,pharmaceutical
415,415,4,5,0,39,118,software
416,416,22,3,0,42,505,realestate
417,417,43,16,29,17,326,realestate
418,418,2,21,16,19,85,retail
419,419,8,12,3,14,281,financial
420,420,31,11,19,43,463,financial
421,421,44,14,6,11,386,education
422,422,7,9,1,18,402,pharmaceutical
423,423,23,3,16,17,300,pharmaceutical
424,424,42,20,25,14,285,education
425,425,26,23,17,21,334,realestate
426,426,7,1,15,43,371,retail
427,427,23,11,20,1,295,software
428,428,29,14,19,25,374,software
429,429,23,29,22,30,279,realestate
430,430,20,15,29,12,373,pharmaceutical
431,431,46,17,10,14,94,software
432,432,0,27,25,14,123,realestate
433,433,17,6,3,1,433,pharmaceutical
434,434,19,10,11,14,329,financial
435,435,36,16,4,21,44,financial
436,436,22,19,15,40,497,financial
437,437,27,15,6,33,143,education
438,438,0,9,2,37,120,realestate
439,439,14,28,14,24,370,financial
440,440,19,11,18,31,355,pharmaceutical
441,441,15,28,17,6,324,retail
442,442,38,17,16,37,291,realestate
443,443,28,5,13,20,89,retail
444,444,47,15,1,14,309,education
445,445,48,19,17,3,204,realestate
446,446,18,14,11,44,95,software
447,447,36,10,15,19,88,financial
448,448,9,13,6,1,336,retail
449,449,23,2,17,32,304,pharmaceutical
450,450,43,5,15,22,324,pharmaceutical
451,451,18,15,0,42,103,financial
452,452,17,27,13,27,426,software
453,453,10,1,10,30,483,education
454,454,10,4,24,10,467,realestate
455,455,11,18,14,35,501,pharmaceutical
456,456,26,21,28,9,335,education
457,457,31,12,20,29,483,education
458,458,23,1,29,12,299,education
459,459,43,7,28,42,324,pharmaceutical
460,460,15,7,20,4,299,retail
461,461,9,10,27,12,295,software
462,462,9,3,15,16,285,education
463,463,36,8,28,43,98,pharmaceutical
464,464,8,6,29,35,230,software
465,465,21,12,17,41,162,financial
466,466,20,1,24,22,417,software
467,467,32,16,26,9,252,realestate
468,468,40,8,9,34,214,realestate
469,469,47,5,25,22,316,software
470,470,20,13,13,15,387,retail
471,471,36,18,6,28,69,pharmaceutical
472,472,3,2,13,17,56,retail
473,473,13,3,4,20,357,realestate
474,474,8,28,13,4,291,software
475,475,43,30,26,22,326,realestate
476,476,3,22,19,42,68,software
477,477,32,15,3,14,235,pharmaceutical
478,478,25,1,13,40,547,pharmaceutical
479,479,42,16,12,22,344,realestate
480,480,49,28,7,2,178,software
481,481,34,12,10,36,387,pharmaceutical
482,482,5,7,21,32,374,financial
483,483,49,7,9,23,192,realestate
484,484,45,27,27,29,167,pharmaceutical
485,485,32,29,10,36,272,education
486,486,29,28,18,32,343,retail
487,487,46,14,25,17,92,education
488,488,14,23,20,1,377,retail
489,489,48,26,11,17,175,realestate
490,490,14,17,20,33,363,software
491,491,20,14,7,22,424,financial
492,492,29,15,23,1,345,software
493,493,5,4,23,28,380,pharmaceutical
494,494,36,27,25,16,40,retail
495,495,2,1,8,18,98,retail
496,496,28,16,11,1,88,financial
497,497,18,22,19,42,78,pharmaceutical
498,498,33,25,9,19,48,realestate
499,499,22,11,10,34,496,software
500,500,25,27,25,21,535,pharmaceutical
501,501,23,29,14,10,309,retail
502,502,3,5,5,29,91,education
503,503,40,22,17,24,220,pharmaceutical
504,504,35,16,1,6,535,education
505,505,3,8,22,4,84,realestate
506,506,16,23,24,42,282,education
507,507,1,16,10,14,347,realestate
508,508,6,7,16,21,255,pharmaceutical
509,509,32,25,15,10,237,software
510,510,19,5,13,34,340,realestate
511,511,25,11,9,44,533,pharmaceutical
512,512,4,8,16,15,108,realestate
513,513,3,10,21,5,72,financial
514,514,1,7,10,11,280,retail
515,515,44,4,9,6,367,financial
516,516,35,5,8,1,515,pharmaceutical
517,517,12,6,27,13,262,education
518,518,36,12,5,8,122,retail
519,519,49,10,19,8,181,software
520,520,9,21,25,33,340,education
521,521,3,5,17,26,82,retail
522,522,30,18,12,19,265,software
523,523,23,26,8,37,286,software
524,524,37,12,24,11,120,realestate
525,525,4,12,14,15,102,pharmaceutical
526,526,1,15,6,32,316,retail
527,527,32,8,11,32,237,financial
528,528,1,19,1,16,312,pharmaceutical
529,529,38,13,17,37,278,software
530,530,3,1,7,33,95,education
531,531,41,8,16,21,270,financial
532,532,36,11,3,28,103,pharmaceutical
533,533,30,19,29,17,277,financial
534,534,45,30,15,11,140,software
535,535,27,30,3,17,150,pharmaceutical
536,536,36,12,7,23,109,education
537,537,42,16,17,8,331,financial
538,538,24,14,1,36,279,education
539,539,6,6,1,23,238,financial
540,540,28,25,15,12,89,pharmaceutical
541,541,26,16,4,37,335,education
542,542,0,2,11,39,122,education
543,543,4,19,28,8,103,pharmaceutical
544,544,32,17,0,36,255,realestate
545,545,12,14,18,30,275,software
546,546,18,29,27,17,92,software
547,547,27,2,7,9,139,retail
548,548,18,3,8,29,80,realestate
549,549,47,15,17,21,301,retail
550,550,25,14,25,8,511,retail
551,551,4,8,12,30,119,software
552,552,11,19,17,35,451,retail
553,553,30,20,26,44,245,pharmaceutical
554,554,12,7,1,26,280,pharmaceutical
555,555,3,6,5,22,48,financial
556,556,47,2,27,14,312,financial
557,557,27,7,20,9,139,software
558,558,11,13,8,14,454,software
559,559,21,19,5,20,137,pharmaceutical
560,560,22,9,13,8,476,retail
561,561,12,13,14,4,281,software
562,562,39,7,6,33,414,financial
563,563,26,17,21,8,334,financial
564,564,1,2,28,2,343,pharmaceutical
565,565,6,30,19,25,229,retail
566,566,42,29,1,41,318,retail
567,567,28,18,0,21,85,realestate
568,568,40,21,16,43,215,pharmaceutical
569,569,11,23,29,15,469,financial
570,570,28,14,2,40,84,software
571,571,31,23,6,8,476,software
572,572,17,8,14,26,435,retail
573,573,44,2,1,35,377,financial
574,574,46,3,13,41,116,realestate
575,575,42,9,2,6,344,retail
576,576,4,11,26,22,105,realestate
577,577,3,5,22,29,55,realestate
578,578,40,22,18,19,214,realestate
579,579,38,7,7,8,290,education
580,580,28,7,17,26,85,retail
581,581,47,21,26,35,300,retail
582,582,9,7,1,40,335,financial
583,583,30,22,7,38,239,realestate
584,584,43,4,5,32,327,software
585,585,5,25,2,21,370,realestate
586,586,48,22,21,21,155,realestate
587,587,34,9,12,11,390,retail
588,588,41,5,1,9,340,education
589,589,10,16,4,36,517,realestate
590,590,38,29,4,41,293,financial
591,591,23,5,10,29,313,software
592,592,22,28,4,5,485,pharmaceutical
593,593,19,28,6,3,330,retail
594,594,20,11,17,41,406,financial
595,595,35,23,2,20,509,financial
596,596,13,8,14,40,328,retail
597,597,13,1,5,14,343,financial
598,598,5,10,6,8,336,pharmaceutical
599,599,22,20,19,29,514,education
600,600,8,29,21,31,243,realestate
601,601,34,17,10,23,372,pharmaceutical
602,602,22,12,8,32,508,retail
603,603,2,22,10,30,98,software
604,604,19,28,23,9,341,pharmaceutical
605,605,31,12,19,21,484,education
606,606,47,3,25,30,313,retail
607,607,48,7,12,44,179,education
608,608,28,29,11,27,90,realestate
609,609,49,27,5,32,193,software
610,610,24,23,16,22,275,software
611,611,13,1,10,10,333,software
612,612,41,25,25,24,334,education
613,613,46,8,9,32,56,pharmaceutical
614,614,28,10,16,30,90,financial
615,615,43,1,29,38,318,realestate
616,616,40,11,16,19,212,software
617,617,5,4,5,34,361,realestate
618,618,16,22,10,36,281,software
619,619,31,8,2,32,493,financial
620,620,7,30,0,30,393,financial
621,621,33,18,16,32,48,financial
622,622,20,5,28,3,414,education
623,623,31,2,2,35,520,realestate
624,624,36,6,6,16,35,education
625,625,39,20,4,32,439,realestate
626,626,12,22,7,12,288,financial
627,627,30,29,3,22,274,realestate
628,628,17,25,13,2,435,pharmaceutical
629,629,38,25,28,7,280,retail
630,630,16,18,3,44,280,retail
631,631,20,30,9,9,406,software
632,632,3,11,20,4,89,software
633,633,19,28,26,4,337,retail
634,634,1,27,13,19,327,software
635,635,41,21,13,40,332,retail
636,636,17,27,18,30,423,realestate
637,637,28,27,23,41,87,financial
638,638,35,12,11,2,486,software
639,639,7,24,4,28,367,retail
640,640,13,12,3,23,373,financial
641,641,48,9,18,24,151,retail
642,642,26,23,5,17,333,education
643,643,36,27,16,27,82,software
644,644,35,19,16,1,493,software
645,645,17,7,11,40,438,software
646,646,38,1,6,32,279,realestate
647,647,34,30,24,19,393,realestate
648,648,4,26,27,11,87,education
649,649,41,25,15,33,302,software
650,650,24,11,21,43,276,financial
651,651,45,4,16,28,197,financial
652,652,41,2,0,33,325,retail
653,653,41,5,29,38,329,realestate
654,654,6,18,18,42,235,pharmaceutical
655,655,8,11,11,0,255,software
656,656,33,10,9,9,51,financial
657,657,14,2,6,4,377,financial
658,658,10,12,18,23,458,software
659,659,34,16,16,36,385,education
660,660,45,20,26,0,176,retail
661,661,44,9,0,9,375,software
662,662,2,19,5,44,95,realestate
663,663,27,13,24,39,139,education
664,664,12,20,26,33,271,financial
665,665,40,28,7,1,209,realestate
666,666,37,4,10,28,83,realestate
667,667,40,13,26,18,218,software
668,668,13,1,7,18,380,education
669,669,4,7,22,24,73,retail
670,670,43,15,4,12,325,education
671,671,6,20,6,26,241,education
672,672,12,3,19,10,262,software
673,673,6,5,24,44,258,pharmaceutical
674,674,33,17,27,37,50,realestate
675,675,6,11,21,5,238,realestate
676,676,47,27,25,8,319,education
677,677,43,7,9,38,326,pharmaceutical
678,678,48,13,9,12,134,education
679,679,45,29,12,36,182,realestate
680,680,18,7,12,19,98,retail
681,681,11,26,2,36,500,realestate
682,682,11,15,2,32,464,software
683,683,20,18,25,24,365,retail
684,684,6,24,14,6,235,retail
685,685,49,17,9,29,179,software
686,686,48,10,6,41,178,pharmaceutical
687,687,41,11,10,19,306,pharmaceutical
688,688,19,20,28,7,327,pharmaceutical
689,689,17,30,24,33,436,software
690,690,33,2,6,15,52,software
691,691,28,7,8,1,89,retail
692,692,4,2,8,34,82,financial
693,693,15,5,20,43,324,retail
694,694,47,5,25,2,318,pharmaceutical
695,695,14,9,11,36,358,education
696,696,36,30,18,35,59,education
697,697,12,22,3,3,279,pharmaceutical
698,698,0,29,27,14,122,education
699,699,1,12,4,15,331,pharmaceutical
700,700,31,30,13,40,511,retail
701,701,23,29,21,10,286,pharmaceutical
702,702,9,19,0,30,314,education
703,703,46,30,19,13,76,retail
704,704,4,26,18,36,122,pharmaceutical
705,705,22,21,5,44,479,retail
706,706,28,5,24,8,87,pharmaceutical
707,707,28,12,23,26,88,retail
708,708,11,11,7,23,472,education
709,709,15,18,26,29,310,financial
710,710,42,6,23,7,310,software
711,711,13,19,27,5,330,software
712,712,25,5,4,4,546,financial
713,713,21,14,4,2,171,software
714,714,18,3,27,7,60,financial
715,715,48,15,3,0,156,software
716,716,38,26,12,7,284,software
717,717,29,19,13,30,357,pharmaceutical
718,718,12,2,24,42,285,pharmaceutical
719,719,9,15,27,40,333,retail
720,720,7,13,26,0,372,pharmaceutical
721,721,8,28,28,41,321,realestate
722,722,9,9,4,3,283,education
723,723,32,2,26,29,237,retail
724,724,13,15,10,3,373,education
725,725,43,18,23,14,327,retail
726,726,39,21,0,43,433,pharmaceutical
727,727,15,20,26,24,329,realestate
728,728,46,21,18,29,82,pharmaceutical
729,729,36,22,6,37,52,retail
730,730,49,9,22,33,190,software
731,731,44,30,11,39,360,education
732,732,1,16,10,9,306,pharmaceutical
733,733,31,28,13,1,507,retail
734,734,7,10,4,5,402,pharmaceutical
735,735,23,27,6,37,308,retail
736,736,45,7,12,27,187,retail
737,737,11,2,6,10,484,realestate
738,738,8,17,23,20,313,education
739,739,24,5,2,20,275,education
740,740,30,5,13,30,269,retail
741,741,43,21,26,30,316,education
742,742,14,20,9,42,367,software
743,743,17,4,26,13,432,retail
744,744,24,25,2,31,289,pharmaceutical
745,745,40,12,11,7,225,realestate
746,746,38,21,16,4,293,pharmaceutical
747,747,14,5,4,10,378,education
748,748,19,23,12,30,343,education
749,749,48,2,7,9,189,realestate
750,750,5,30,15,9,336,software
751,751,3,14,10,26,73,realestate
752,752,12,18,29,36,290,pharmaceutical
753,753,9,7,2,9,291,realestate
754,754,17,30,5,15,425,realestate
755,755,3,12,2,38,82,education
756,756,32,12,14,31,269,retail
757,757,13,21,12,22,370,retail
758,758,29,7,3,44,382,retail
759,759,49,2,3,13,184,pharmaceutical
760,760,34,26,1,18,394,software
761,761,40,29,6,5,215,software
762,762,25,30,14,18,509,realestate
763,763,25,5,20,14,531,education
764,764,17,1,26,32,438,education
765,765,30,12,19,4,207,pharmaceutical
766,766,36,21,9,23,113,retail
767,767,8,17,5,11,261,education
768,768,22,24,8,9,505,education
769,769,13,14,22,25,333,software
770,770,24,12,4,27,279,software
771,771,39,24,0,40,417,retail
772,772,29,25,21,8,380,retail
773,773,31,13,7,29,502,education
774,774,17,11,14,9,430,pharmaceutical
775,775,42,26,12,32,307,education
776,776,24,21,6,34,275,education
777,777,10,4,25,36,458,retail
778,778,25,15,9,33,516,software
779,779,47,21,21,12,304,financial
780,780,24,24,5,7,255,financial
781,781,33,19,6,18,53,realestate
782,782,37,11,23,7,114,retail
783,783,29,28,6,24,343,retail
784,784,6,7,6,17,247,software
785,785,23,15,20,20,278,education
786,786,0,14,27,18,122,financial
787,787,14,30,21,25,374,realestate
788,788,33,7,25,17,53,education
789,789,18,10,19,20,74,education
790,790,45,4,2,29,158,education
791,791,4,19,23,18,121,software
792,792,21,4,8,34,167,realestate
793,793,42,19,9,27,301,retail
794,794,19,7,14,43,352,pharmaceutical
795,795,2,12,29,31,87,realestate
796,796,43,19,18,14,317,education
797,797,6,30,10,18,259,software
798,798,6,6,24,5,261,retail
799,799,21,9,2,36,137,education
800,800,17,22,21,43,431,pharmaceutical
801,801,42,11,3,8,295,pharmaceutical
802,802,24,28,16,4,287,software
803,803,42,26,12,40,298,realestate
804,804,11,5,13,25,488,software
805,805,47,21,16,34,303,education
806,806,37,15,16,17,124,software
807,807,29,22,1,12,394,software
808,808,23,10,15,13,286,financial
809,809,43,4,0,12,328,software
810,810,30,18,17,7,217,education
811,811,21,8,22,36,154,realestate
812,812,37,12,15,13,102,financial
813,813,30,25,7,2,209,retail
814,814,2,3,21,26,91,education
815,815,15,12,0,12,327,pharmaceutical
816,816,9,27,24,35,283,software
817,817,13,14,8,28,356,pharmaceutical
818,818,39,20,21,31,422,retail
819,819,29,11,14,8,367,financial
820,820,46,4,24,39,57,retail
821,821,43,1,12,38,327,pharmaceutical
822,822,15,2,10,31,321,software
823,823,3,2,12,38,69,software
824,824,4,11,21,23,127,software
825,825,15,28,1,1,318,realestate
826,826,15,15,4,32,336,education
827,827,39,6,26,19,416,retail
828,828,11,26,28,10,494,realestate
829,829,5,17,25,33,369,retail
830,830,12,5,22,21,266,education
831,831,13,18,13,5,378,education
832,832,14,2,5,39,374,realestate
833,833,29,1,15,40,361,realestate
834,834,27,6,1,21,137,software
835,835,35,30,19,0,516,software
836,836,25,14,13,40,517,pharmaceutical
837,837,3,3,25,44,48,education
838,838,32,28,23,10,260,realestate
839,839,11,14,17,11,473,retail
840,840,24,30,14,17,271,realestate
841,841,35,16,5,27,527,retail
842,842,26,27,20,7,332,pharmaceutical
843,843,44,12,4,42,370,education
844,844,5,12,8,43,368,retail
845,845,39,8,23,22,432,software
846,846,41,11,2,3,313,financial
847,847,21,22,24,29,147,education
848,848,20,20,8,12,420,education
849,849,35,17,22,25,501,realestate
850,850,36,13,4,7,81,financial
851,851,39,22,1,34,425,financial
852,852,11,14,23,9,468,software
853,853,12,9,24,6,264,software
854,854,43,25,2,32,314,pharmaceutical
855,855,28,13,15,4,85,education
856,856,30,19,11,27,243,realestate
857,857,26,1,11,31,333,education
858,858,24,29,5,24,296,realestate
859,859,37,4,3,14,121,retail
860,860,0,4,5,17,123,realestate
861,861,14,21,2,31,370,retail
862,862,42,1,15,35,323,education
863,863,4,8,29,15,108,retail
864,864,45,7,8,32,177,realestate
865,865,18,23,27,14,80,retail
866,866,5,16,13,37,375,realestate
867,867,17,1,8,10,444,financial
868,868,35,14,28,7,497,education
869,869,7,30,2,29,405,financial
870,870,33,20,6,0,50,software
871,871,37,24,27,32,85,software
872,872,7,6,11,17,390,software
873,873,2,30,14,8,87,pharmaceutical
874,874,11,17,26,36,493,retail
875,875,16,24,28,31,271,realestate
876,876,14,13,23,26,366,pharmaceutical
877,877,11,17,25,18,463,education
878,878,6,24,11,9,230,pharmaceutical
879,879,45,30,28,43,177,realestate
880,880,15,18,23,25,320,retail
881,881,7,18,22,43,380,education
882,882,37,4,18,13,83,financial
883,883,36,19,0,27,106,pharmaceutical
884,884,25,21,3,5,550,pharmaceutical
885,885,13,28,28,32,375,financial
886,886,41,9,22,21,292,pharmaceutical
887,887,18,25,12,22,88,financial
888,888,26,29,1,3,335,financial
889,889,7,19,7,24,394,pharmaceutical
890,890,15,29,20,30,299,education
891,891,8,1,22,27,274,retail
892,892,38,18,3,37,293,pharmaceutical
893,893,41,15,18,36,329,realestate
894,894,28,12,12,18,89,software
895,895,5,25,1,33,373,education
896,896,5,8,1,1,375,financial
897,897,21,25,10,14,148,education
898,898,23,11,27,13,304,financial
899,899,36,2,29,7,119,financial
900,900,22,15,17,2,475,pharmaceutical
901,901,40,29,22,22,216,education
902,902,32,3,29,23,264,pharmaceutical
903,903,13,2,14,9,347,software
904,904,10,11,11,32,468,realestate
905,905,30,15,10,42,259,financial
906,906,38,9,19,2,289,education
907,907,2,16,2,39,99,retail
908,908,13,18,0,12,338,financial
909,909,49,15,22,43,188,software
910,910,41,16,5,43,326,pharmaceutical
911,911,10,6,20,13,503,realestate
912,912,11,5,7,17,491,pharmaceutical
913,913,8,5,14,23,250,retail
914,914,17,16,10,22,431,financial
915,915,24,5,22,5,270,retail
916,916,42,30,11,13,289,financial
917,917,35,10,1,32,480,retail
918,918,10,28,25,12,510,software
919,919,46,1,27,41,116,pharmaceutical
920,920,36,16,15,9,56,retail
921,921,8,21,22,16,313,education
922,922,6,14,9,3,225,financial
923,923,37,4,1,2,86,financial
924,924,29,26,10,30,350,financial
925,925,37,16,9,21,118,software
926,926,24,5,24,5,293,realestate
927,927,18,22,13,18,103,financial
928,928,0,23,2,31,119,retail
929,929,4,29,4,13,107,pharmaceutical
930,930,8,19,13,24,249,software
931,931,38,10,4,40,278,retail
932,932,16,26,21,36,274,retail
933,933,18,24,15,22,93,retail
934,934,11,23,7,5,473,financial
935,935,43,26,16,2,316,education
936,936,37,29,19,12,111,retail
937,937,17,21,25,37,438,retail
938,938,12,26,13,9,279,software
939,939,46,16,17,16,135,financial
940,940,21,20,13,5,141,education
941,941,29,14,11,27,372,education
942,942,35,10,26,34,486,education
943,943,29,19,7,8,393,financial
944,944,39,13,10,33,432,education
945,945,11,27,8,18,454,software
946,946,15,18,12,33,327,education
947,947,35,11,10,43,476,pharmaceutical
948,948,2,27,6,16,81,financial
949,949,21,23,0,24,170,software
950,950,47,24,19,0,303,realestate
951,951,7,26,5,13,396,software
952,952,7,22,26,34,370,education
953,953,7,14,12,8,389,education
954,954,4,3,27,34,87,realestate
955,955,20,6,21,6,376,retail
956,956,32,4,16,43,277,financial
957,957,33,27,28,38,51,retail
958,958,28,20,22,1,86,retail
959,959,15,14,15,24,322,software
960,960,47,12,15,21,304,realestate
961,961,25,26,8,3,539,education
962,962,22,21,19,16,529,realestate
963,963,5,20,16,26,345,financial
964,964,15,22,2,15,312,software
965,965,0,20,22,4,121,education
966,966,10,8,17,27,474,retail
967,967,44,4,21,39,359,retail
968,968,14,24,7,15,379,realestate
969,969,10,20,20,12,513,retail
970,970,0,11,19,4,121,software
971,971,47,1,7,16,315,realestate
972,972,2,30,4,32,90,pharmaceutical
973,973,38,10,21,27,288,realestate
974,974,46,5,23,23,104,software
975,975,43,27,4,9,329,financial
976,976,23,30,19,17,303,pharmaceutical
977,977,28,4,10,39,90,realestate
978,978,22,13,7,32,490,realestate
979,979,14,24,22,2,365,pharmaceutical
980,980,47,24,16,33,312,education
981,981,0,21,13,15,122,software
982,982,26,25,13,31,332,retail
983,983,31,27,17,25,501,pharmaceutical
984,984,12,2,3,18,277,retail
985,985,23,27,10,19,304,realestate
986,986,22,23,2,18,542,retail
987,987,2,15,15,44,86,software
988,988,31,9,21,3,518,pharmaceutical
989,989,9,18,13,1,317,pharmaceutical
990,990,45,13,29,14,155,retail
991,991,23,15,4,37,289,realestate
992,992,24,1,6,16,263,retail
993,993,45,20,21,41,155,retail
994,994,48,22,7,27,165,software
995,995,33,4,27,33,53,education
996,996,49,17,26,26,181,financial
997,997,47,18,4,12,301,realestate
998,998,12,10,5,40,258,software
999,999,44,12,13,7,382,software
1000,1000,10,19,20,27,485,financial
1001,1001,48,21,5,24,141,pharmaceutical
1002,1002,46,16,21,26,134,software
1003,1003,7,30,5,27,374,software
1004,1004,29,16,0,30,341,pharmaceutical
1005,1005,9,4,27,28,302,realestate
1006,1006,22,3,11,33,523,software
1007,1007,6,5,19,28,236,education
1008,1008,28,12,3,19,85,software
1009,1009,5,6,17,21,371,financial
1010,1010,21,3,22,17,159,realestate
1011,1011,49,27,24,30,187,pharmaceutical
1012,1012,32,16,23,14,281,software
1013,1013,28,4,16,35,86,financial
1014,1014,19,4,11,7,348,pharmaceutical
1015,1015,12,6,11,43,281,pharmaceutical
1016,1016,10,25,22,28,512,retail
1017,1017,41,19,28,21,277,education
1018,1018,43,29,13,36,318,retail
1019,1019,41,16,1,31,285,education
1020,1020,32,16,15,41,233,retail
1021,1021,40,8,19,21,214,software
1022,1022,20,8,1,4,381,retail
1023,1023,29,2,26,40,400,financial
1024,1024,31,19,23,23,518,pharmaceutical
1025,1025,9,11,1,11,309,education
1026,1026,13,13,1,37,373,financial
1027,1027,13,13,12,9,355,software
1028,1028,11,29,21,39,451,software
1029,1029,45,2,2,39,158,financial
1030,1030,29,9,4,23,399,retail
1031,1031,21,11,19,10,164,software
1032,1032,47,1,1,30,312,retail
1033,1033,34,4,15,15,370,realestate
1034,1034,40,16,3,29,217,education
1035,1035,13,29,13,20,348,realestate
1036,1036,7,15,8,21,389,realestate
1037,1037,36,16,24,9,105,pharmaceutical
1038,1038,9,24,23,3,289,financial
1039,1039,43,14,8,32,321,realestate
1040,1040,22,1,11,5,506,education
1041,1041,17,13,1,18,439,software
1042,1042,26,29,26,13,332,retail
1043,1043,43,14,15,11,321,software
1044,1044,41,14,10,22,326,software
1045,1045,13,18,26,3,342,software
1046,1046,42,7,11,4,300,software
1047,1047,13,16,9,5,353,retail
1048,1048,2,5,18,36,90,financial
1049,1049,1,25,3,11,332,education
1050,1050,41,20,28,41,285,pharmaceutical
1051,1051,8,12,5,42,268,realestate
1052,1052,33,1,2,41,48,education
1053,1053,0,26,27,36,123,pharmaceutical
1054,1054,25,15,29,44,522,education
1055,1055,14,14,7,32,359,software
1056,1056,21,17,13,36,156,financial
1057,1057,26,22,27,21,332,software
1058,1058,42,28,19,18,348,software
1059,1059,43,2,26,40,319,pharmaceutical
1060,1060,43,26,23,23,320,education
1061,1061,34,5,18,26,379,education
1062,1062,27,25,25,21,153,pharmaceutical
1063,1063,10,23,6,44,497,realestate
1064,1064,26,14,12,24,333,realestate
1065,1065,27,20,17,33,141,pharmaceutical
1066,1066,48,23,21,14,211,pharmaceutical
1067,1067,31,30,6,36,508,software
1068,1068,24,23,21,28,292,software
1069,1069,39,14,3,35,432,software
1070,1070,15,17,26,21,332,realestate
1071,1071,30,5,6,2,275,retail
1072,1072,25,17,26,21,554,education
1073,1073,28,4,13,12,85,pharmaceutical
1074,1074,32,3,25,10,228,software
1075,1075,20,2,16,35,410,pharmaceutical
1076,1076,43,20,5,13,317,realestate
1077,1077,32,15,22,40,230,retail
1078,1078,35,9,18,39,475,pharmaceutical
1079,1079,39,1,14,3,429,financial
1080,1080,49,12,18,33,183,pharmaceutical
1081,1081,35,12,12,28,505,financial
1082,1082,18,7,7,27,61,software
1083,1083,32,18,19,31,271,retail
1084,1084,26,4,23,22,332,retail
1085,1085,22,30,2,28,484,education
1086,1086,29,26,18,39,394,retail
1087,1087,49,29,22,18,186,education
1088,1088,8,26,16,24,287,education
1089,1089,39,27,13,34,435,education
1090,1090,5,17,7,30,374,pharmaceutical
1091,1091,30,8,11,24,241,software
1092,1092,39,15,1,37,436,pharmaceutical
1093,1093,41,30,18,27,325,education
1094,1094,11,21,25,30,465,software
1095,1095,11,18,28,25,451,realestate
1096,1096,18,29,2,7,98,pharmaceutical
1097,1097,12,5,17,3,273,financial
1098,1098,30,14,11,6,270,software
1099,1099,29,29,23,3,389,education
1100,1100,48,26,29,27,175,pharmaceutical
1101,1101,1,12,18,23,324,education
1102,1102,33,9,12,39,53,realestate
1103,1103,24,9,28,31,282,retail
1104,1104,11,19,6,26,468,software
1105,1105,38,7,17,33,288,pharmaceutical
1106,1106,6,4,2,18,262,education
1107,1107,14,26,18,17,368,financial
1108,1108,1,4,6,36,319,retail
1109,1109,48,7,7,34,210,pharmaceutical
1110,1110,19,28,14,42,348,retail
1111,1111,32,14,4,19,246,financial
1112,1112,35,29,23,42,491,education
1113,1113,28,30,3,14,90,software
1114,1114,1,25,1,40,331,software
1115,1115,17,21,7,13,441,software
1116,1116,45,5,9,30,148,pharmaceutical
1117,1117,47,21,29,27,314,retail
1118,1118,3,4,25,28,51,realestate
1119,1119,35,12,22,15,528,education
1120,1120,19,26,14,12,355,education
1121,1121,38,28,18,36,278,financial
1122,1122,13,23,4,42,326,realestate
1123,1123,7,18,12,15,360,pharmaceutical
1124,1124,1,5,4,0,349,retail
1125,1125,15,13,9,35,303,pharmaceutical
1126,1126,21,5,29,36,138,retail
1127,1127,17,14,27,2,443,realestate
1128,1128,28,23,16,35,87,pharmaceutical
1129,1129,29,3,19,33,347,retail
1130,1130,33,19,0,0,49,retail
1131,1131,27,28,22,43,148,realestate
1132,1132,16,7,4,25,275,retail
1133,1133,13,30,26,2,365,financial
1134,1134,0,12,24,19,121,retail
1135,1135,11,10,18,18,466,realestate
1136,1136,40,9,7,28,211,pharmaceutical
1137,1137,0,30,16,1,121,financial
1138,1138,44,22,17,5,373,education
1139,1139,19,3,27,40,315,realestate
1140,1140,33,27,27,44,49,retail
1141,1141,21,24,29,15,147,software
1142,1142,32,3,10,38,280,pharmaceutical
1143,1143,28,21,22,20,93,education
1144,1144,31,25,11,12,522,retail
1145,1145,25,7,6,26,546,financial
1146,1146,26,15,28,3,335,retail
1147,1147,16,25,9,33,270,education
1148,1148,10,19,22,15,493,software
1149,1149,28,8,29,12,92,financial
1150,1150,4,9,23,2,86,realestate
1151,1151,19,29,3,41,332,retail
1152,1152,18,13,10,19,93,pharmaceutical
1153,1153,7,26,16,11,405,software
1154,1154,47,15,22,29,307,financial
1155,1155,2,6,25,36,92,financial
1156,1156,15,10,10,40,340,financial
1157,1157,33,15,0,15,48,pharmaceutical
1158,1158,5,4,6,30,348,realestate
1159,1159,27,24,4,29,152,realestate
1160,1160,43,12,15,37,329,software
1161,1161,42,3,9,24,295,realestate
1162,1162,32,25,18,1,257,realestate
1163,1163,15,3,16,28,313,software
1164,1164,12,3,18,40,271,education
1165,1165,27,30,25,10,146,realestate
1166,1166,6,1,17,41,237,realestate
1167,1167,26,27,10,18,332,realestate
1168,1168,1,24,2,1,292,software
1169,1169,31,4,20,41,507,realestate
1170,1170,17,18,26,23,431,pharmaceutical
1171,1171,44,8,13,35,375,pharmaceutical
1172,1172,3,7,10,38,59,education
1173,1173,9,2,1,9,311,financial
1174,1174,10,26,14,43,475,education
1175,1175,8,21,18,30,276,pharmaceutical
1176,1176,14,12,0,42,366,retail
1177,1177,16,1,25,11,272,pharmaceutical
1178,1178,31,30,24,16,518,education
1179,1179,16,9,20,17,274,realestate
1180,1180,29,11,0,44,400,realestate
1181,1181,2,9,23,40,86,retail
1182,1182,16,2,12,38,270,retail
1183,1183,25,19,27,39,510,realestate
1184,1184,21,13,3,29,139,realestate
1185,1185,19,21,24,20,333,retail
1186,1186,19,13,1,12,314,realestate
1187,1187,0,15,21,21,122,financial
1188,1188,22,28,3,8,535,education
1189,1189,41,21,28,19,312,retail
1190,1190,10,10,5,9,484,retail
1191,1191,48,24,26,14,190,education
1192,1192,43,26,10,13,320,retail
1193,1193,4,8,17,40,126,retail
1194,1194,49,14,9,39,177,financial
1195,1195,49,5,1,36,189,education
1196,1196,43,16,2,12,317,retail
1197,1197,36,30,2,0,119,pharmaceutical
1198,1198,15,25,16,9,316,software
1199,1199,30,6,24,35,274,software
1200,1200,32,27,29,10,263,financial
1201,1201,21,7,11,18,161,pharmaceutical
1202,1202,36,28,1,36,76,financial
1203,1203,21,12,21,35,156,retail
1204,1204,38,23,0,44,289,financial
1205,1205,15,14,17,0,319,retail
1206,1206,28,10,4,19,88,retail
1207,1207,31,29,24,33,473,software
1208,1208,26,19,14,44,331,retail
1209,1209,7,17,8,13,375,retail
1210,1210,34,19,3,19,368,retail
1211,1211,29,14,13,14,385,realestate
1212,1212,13,29,10,2,336,pharmaceutical
1213,1213,17,15,24,3,437,retail
1214,1214,49,23,13,7,188,software
1215,1215,13,21,15,8,366,pharmaceutical
1216,1216,42,4,29,17,315,education
1217,1217,16,11,22,32,272,financial
1218,1218,40,23,0,23,219,realestate
1219,1219,3,20,20,9,64,education
1220,1220,24,18,1,24,294,retail
1221,1221,25,21,20,10,534,financial
1222,1222,36,2,20,14,103,realestate
1223,1223,22,10,19,15,499,software
1224,1224,21,28,25,0,159,education
1225,1225,34,5,7,14,392,software
1226,1226,39,14,9,33,421,retail
1227,1227,15,23,19,15,309,education
1228,1228,43,26,11,16,325,realestate
1229,1229,47,20,9,42,302,retail
1230,1230,21,8,10,20,155,education
1231,1231,2,17,9,44,97,education
1232,1232,8,8,16,40,288,realestate
1233,1233,6,3,7,40,258,retail
1234,1234,47,3,12,36,317,software
1235,1235,23,6,10,10,284,software
1236,1236,12,23,18,25,289,pharmaceutical
1237,1237,26,4,0,35,335,pharmaceutical
1238,1238,36,8,3,15,111,realestate
1239,1239,28,13,9,16,93,financial
1240,1240,4,19,4,30,75,financial
1241,1241,18,30,13,2,57,pharmaceutical
1242,1242,45,9,21,20,167,software
1243,1243,9,19,16,2,316,financial
1244,1244,31,6,16,30,470,software
1245,1245,11,27,9,40,485,education
1246,1246,13,4,1,42,385,education
1247,1247,40,14,25,10,224,retail
1248,1248,0,28,25,42,119,pharmaceutical
1249,1249,38,10,14,15,277,pharmaceutical
1250,1250,17,4,8,31,438,realestate
1251,1251,9,9,27,0,342,financial
1252,1252,19,7,22,7,326,retail
1253,1253,18,20,2,16,71,software
1254,1254,15,10,12,1,305,pharmaceutical
1255,1255,47,24,27,1,312,education
1256,1256,4,23,26,22,98,education
1257,1257,22,11,19,3,469,retail
1258,1258,10,6,4,5,505,software
1259,1259,19,21,5,39,351,pharmaceutical
1260,1260,40,18,4,1,225,software
1261,1261,36,18,3,43,87,retail
1262,1262,16,3,8,39,276,software
1263,1263,1,3,4,18,316,financial
1264,1264,46,29,11,29,131,retail
1265,1265,48,11,23,24,197,realestate
1266,1266,47,3,18,27,312,realestate
1267,1267,38,14,27,37,279,software
1268,1268,11,13,10,35,485,pharmaceutical
1269,1269,48,18,10,30,202,pharmaceutical
1270,1270,19,2,5,30,359,realestate
1271,1271,43,13,1,29,315,pharmaceutical
1272,1272,42,24,24,10,330,financial
1273,1273,30,27,22,10,260,realestate
1274,1274,36,5,24,32,76,pharmaceutical
1275,1275,11,7,7,20,456,realestate
1276,1276,34,6,15,10,397,retail
1277,1277,4,15,3,41,100,pharmaceutical
1278,1278,37,14,27,13,95,pharmaceutical
1279,1279,48,4,14,4,148,education
1280,1280,5,10,20,14,378,retail
1281,1281,32,21,28,13,270,pharmaceutical
1282,1282,44,11,21,23,363,pharmaceutical
1283,1283,16,7,7,17,269,pharmaceutical
1284,1284,21,19,23,27,168,software
1285,1285,27,29,6,16,139,realestate
1286,1286,48,4,12,17,145,pharmaceutical
1287,1287,14,4,14,5,371,pharmaceutical
1288,1288,29,3,6,3,391,retail
1289,1289,38,19,17,19,293,retail
1290,1290,35,18,20,43,476,software
1291,1291,9,30,26,14,307,retail
1292,1292,40,16,17,5,227,realestate
1293,1293,3,30,7,10,83,pharmaceutical
1294,1294,45,26,2,15,173,software
1295,1295,30,8,29,22,235,realestate
1296,1296,33,19,1,8,49,pharmaceutical
1297,1297,44,27,6,26,359,financial
1298,1298,1,25,7,41,343,education
1299,1299,28,11,18,36,85,education
1300,1300,5,16,26,2,359,software
1301,1301,40,17,2,25,215,financial
1302,1302,39,11,3,19,440,pharmaceutical
1303,1303,41,23,1,23,305,software
1304,1304,3,12,20,2,50,retail
1305,1305,8,26,16,30,304,education
1306,1306,39,9,22,27,414,software
1307,1307,28,14,7,6,85,education
1308,1308,14,27,29,31,371,realestate
1309,1309,17,18,1,43,432,software
1310,1310,7,1,18,10,392,retail
1311,1311,42,18,13,9,343,financial
1312,1312,22,16,1,24,514,realestate
1313,1313,12,20,24,14,284,pharmaceutical
1314,1314,26,23,22,27,331,retail
1315,1315,39,6,26,0,426,financial
1316,1316,34,16,18,41,389,financial
1317,1317,10,27,25,8,485,realestate
1318,1318,19,18,2,25,322,pharmaceutical
1319,1319,48,23,11,34,163,realestate
1320,1320,17,5,12,44,430,software
1321,1321,41,14,27,35,287,retail
1322,1322,33,30,12,21,50,retail
1323,1323,9,27,15,12,332,software
1324,1324,28,20,24,34,91,financial
1325,1325,45,8,12,22,192,realestate
1326,1326,15,10,9,16,300,financial
1327,1327,30,25,14,21,210,software
1328,1328,24,21,1,43,298,financial
1329,1329,25,15,19,36,538,education
1330,1330,49,12,2,38,188,realestate
1331,1331,28,10,29,28,92,pharmaceutical
1332,1332,14,1,8,15,363,pharmaceutical
1333,1333,29,6,3,19,345,pharmaceutical
1334,1334,16,14,19,11,278,education
1335,1335,8,21,6,12,303,pharmaceutical
1336,1336,9,14,17,25,311,pharmaceutical
1337,1337,10,3,22,24,451,pharmaceutical
1338,1338,49,28,26,44,184,retail
1339,1339,24,21,3,24,262,education
1340,1340,42,12,26,34,332,financial
1341,1341,10,13,13,28,484,realestate
1342,1342,25,24,23,43,507,pharmaceutical
1343,1343,28,4,14,38,92,pharmaceutical
1344,1344,10,3,16,25,499,education
1345,1345,48,17,0,1,205,education
1346,1346,4,20,27,4,115,software
1347,1347,44,7,15,4,362,education
1348,1348,30,26,21,3,272,software
1349,1349,13,28,16,21,378,retail
1350,1350,32,17,23,18,233,retail
1351,1351,9,21,9,39,310,realestate
1352,1352,30,14,11,16,216,realestate
1353,1353,35,30,20,12,495,financial
1354,1354,11,25,22,16,482,retail
1355,1355,23,24,4,19,308,software
1356,1356,30,17,15,34,220,realestate
1357,1357,39,15,29,11,440,pharmaceutical
1358,1358,14,21,24,19,370,education
1359,1359,24,9,0,8,258,education
1360,1360,3,23,22,4,64,realestate
1361,1361,15,2,1,13,335,retail
1362,1362,30,19,28,44,218,education
1363,1363,10,27,19,11,519,retail
1364,1364,31,4,20,34,488,financial
1365,1365,29,13,22,35,375,realestate
1366,1366,21,25,4,36,140,software
1367,1367,1,14,8,8,285,retail
1368,1368,44,7,22,12,371,retail
1369,1369,24,8,10,35,287,education
1370,1370,43,2,14,29,329,pharmaceutical
1371,1371,48,9,22,36,141,education
1372,1372,34,17,17,32,386,pharmaceutical
1373,1373,10,17,28,21,498,software
1374,1374,16,2,5,37,274,pharmaceutical
1375,1375,41,16,5,29,274,software
1376,1376,12,30,10,29,272,pharmaceutical
1377,1377,16,7,12,9,268,financial
1378,1378,16,25,14,3,277,pharmaceutical
1379,1379,4,22,4,27,75,financial
1380,1380,41,8,27,22,314,retail
1381,1381,10,5,14,32,485,education
1382,1382,46,12,9,23,145,pharmaceutical
1383,1383,1,25,28,17,349,retail
1384,1384,39,2,2,33,417,realestate
1385,1385,16,13,19,1,272,realestate
1386,1386,40,30,24,16,219,realestate
1387,1387,39,1,23,15,416,pharmaceutical
1388,1388,1,10,14,40,296,retail
1389,1389,39,13,29,25,438,retail
1390,1390,10,16,16,17,509,financial
1391,1391,39,4,10,34,417,pharmaceutical
1392,1392,23,14,24,21,284,pharmaceutical
1393,1393,42,26,4,38,299,education
1394,1394,3,9,8,4,68,realestate
1395,1395,47,5,13,26,319,software
1396,1396,22,23,17,3,513,software
1397,1397,6,9,28,35,219,education
1398,1398,22,18,25,6,476,software
1399,1399,32,20,27,20,287,realestate
1400,1400,37,23,24,36,120,retail
1401,1401,5,30,15,0,354,retail
1402,1402,40,2,14,5,228,financial
1403,1403,31,1,14,25,466,pharmaceutical
1404,1404,40,30,28,17,225,financial
1405,1405,48,16,26,30,207,financial
1406,1406,2,3,0,15,84,pharmaceutical
1407,1407,47,22,6,30,302,retail
1408,1408,6,19,28,14,233,financial
1409,1409,10,22,8,43,466,software
1410,1410,41,20,26,32,330,software
1411,1411,11,24,15,3,477,software
1412,1412,16,5,18,3,281,software
1413,1413,47,3,9,21,305,education
1414,1414,47,22,6,15,305,financial
1415,1415,45,18,0,17,157,education
1416,1416,37,15,21,30,96,pharmaceutical
1417,1417,23,12,4,24,303,realestate
1418,1418,0,11,16,7,122,pharmaceutical
1419,1419,18,1,6,8,84,financial
1420,1420,32,23,22,1,257,financial
1421,1421,40,2,25,42,228,retail
1422,1422,17,1,16,41,445,pharmaceutical
1423,1423,22,22,20,25,507,pharmaceutical
1424,1424,13,20,6,41,359,retail
1425,1425,3,1,4,18,93,retail
1426,1426,10,15,10,34,470,pharmaceutical
1427,1427,28,29,15,21,93,pharmaceutical
1428,1428,4,1,28,27,126,realestate
1429,1429,25,13,12,7,520,realestate
1430,1430,39,1,22,39,441,pharmaceutical
1431,1431,8,21,1,8,253,education
1432,1432,38,19,26,5,279,realestate
1433,1433,29,9,2,23,371,pharmaceutical
1434,1434,49,18,3,36,180,education
1435,1435,25,4,21,40,504,retail
1436,1436,28,30,11,28,90,retail
1437,1437,30,5,10,36,247,education
1438,1438,38,7,5,22,292,pharmaceutical
1439,1439,7,22,26,33,394,software
1440,1440,11,17,28,19,486,education
1441,1441,24,13,0,43,272,retail
1442,1442,42,13,29,38,304,realestate
1443,1443,24,12,27,43,280,retail
1444,1444,33,9,6,34,48,pharmaceutical
1445,1445,4,20,18,13,101,financial
1446,1446,37,24,1,38,129,education
1447,1447,36,1,14,1,106,financial
1448,1448,43,28,14,30,329,retail
1449,1449,37,26,12,6,102,software
1450,1450,31,10,24,24,462,financial
1451,1451,44,4,19,40,378,realestate
1452,1452,48,20,23,26,160,pharmaceutical
1453,1453,42,9,22,38,294,financial
1454,1454,49,6,8,9,179,realestate
1455,1455,0,24,0,15,122,retail
1456,1456,46,6,19,32,65,software
1457,1457,29,1,21,29,398,financial
1458,1458,12,26,21,32,266,financial
1459,1459,33,10,9,9,52,financial
1460,1460,36,22,9,18,55,realestate
1461,1461,1,4,27,24,285,software
1462,1462,48,4,14,5,198,education
1463,1463,6,13,11,20,236,realestate
1464,1464,32,28,6,16,229,pharmaceutical
1465,1465,0,7,29,19,119,pharmaceutical
1466,1466,40,1,28,2,218,education
1467,1467,31,20,28,1,515,education
1468,1468,30,12,8,28,271,financial
1469,1469,34,3,18,9,376,pharmaceutical
1470,1470,16,18,3,19,270,retail
1471,1471,0,1,19,34,122,software
1472,1472,45,26,9,35,156,retail
1473,1473,5,16,25,2,352,pharmaceutical
1474,1474,44,1,24,7,379,financial
1475,1475,13,20,9,37,342,realestate
1476,1476,18,2,2,25,54,financial
1477,1477,0,23,8,30,120,financial
1478,1478,23,22,23,9,308,realestate
1479,1479,47,23,28,16,319,education
1480,1480,42,8,24,16,306,financial
1481,1481,14,27,3,20,368,education
1482,1482,26,10,27,16,335,realestate
1483,1483,16,4,8,42,275,realestate
1484,1484,9,24,11,31,325,education
1485,1485,45,13,17,33,141,education
1486,1486,29,23,21,21,388,financial
1487,1487,21,24,2,18,159,realestate
1488,1488,41,29,5,27,316,pharmaceutical
1489,1489,6,5,2,3,247,retail
1490,1490,18,28,17,26,80,education
1491,1491,19,11,4,4,350,pharmaceutical
1492,1492,45,15,27,11,156,software
1493,1493,46,1,0,32,138,realestate
1494,1494,7,2,2,21,407,retail
1495,1495,17,23,24,15,439,education
1496,1496,21,30,5,9,140,education
1497,1497,16,13,27,18,282,education
1498,1498,7,18,21,16,394,software
1499,1499,43,16,26,15,321,education
1500,1500,26,10,6,42,332,realestate
1501,1501,23,22,25,2,279,software
1502,1502,20,19,16,12,368,pharmaceutical
1503,1503,35,29,27,23,507,financial
1504,1504,6,10,22,35,248,financial
1505,1505,3,17,17,10,56,education
1506,1506,13,16,10,11,368,retail
1507,1507,34,23,4,36,365,software
1508,1508,38,15,24,22,281,pharmaceutical
1509,1509,18,2,28,1,76,education
1510,1510,0,4,12,17,121,realestate
1511,1511,4,4,24,15,88,software
1512,1512,12,23,16,42,289,financial
1513,1513,34,30,29,15,376,education
1514,1514,37,3,9,19,116,financial
1515,1515,40,17,2,41,221,retail
1516,1516,2,29,1,29,84,financial
1517,1517,41,16,17,23,308,education
1518,1518,47,30,14,2,306,education
1519,1519,37,2,29,22,83,retail
1520,1520,30,1,29,13,247,pharmaceutical
1521,1521,0,26,2,4,123,financial
1522,1522,3,14,6,25,74,financial
1523,1523,39,21,27,33,437,software
1524,1524,12,14,17,12,282,financial
1525,1525,47,28,6,22,304,realestate
1526,1526,9,22,11,22,335,financial
1527,1527,48,11,2,28,158,retail
1528,1528,6,5,25,10,250,pharmaceutical
1529,1529,5,19,18,5,356,financial
1530,1530,8,12,3,11,314,realestate
1531,1531,10,12,7,3,485,financial
1532,1532,5,28,25,38,361,realestate
1533,1533,0,12,24,26,121,retail
1534,1534,0,11,1,24,120,education
1535,1535,17,6,0,0,434,realestate
1536,1536,36,25,3,42,93,pharmaceutical
1537,1537,14,18,9,7,366,retail
1538,1538,44,4,24,14,362,education
1539,1539,25,24,22,11,510,pharmaceutical
1540,1540,40,26,0,44,216,software
1541,1541,14,18,24,43,364,realestate
1542,1542,39,18,22,35,414,software
1543,1543,40,29,9,12,209,pharmaceutical
1544,1544,2,4,23,11,85,education
1545,1545,28,12,1,25,93,education
1546,1546,4,15,4,36,79,education
1547,1547,27,10,7,34,148,software
1548,1548,13,5,29,11,340,financial
1549,1549,24,17,11,29,273,pharmaceutical
1550,1550,15,19,14,21,303,financial
1551,1551,35,16,6,15,495,education
1552,1552,30,3,28,3,219,retail
1553,1553,33,15,3,22,51,financial
1554,1554,3,8,24,37,67,financial
1555,1555,47,25,8,10,303,pharmaceutical
1556,1556,43,17,20,40,320,education
1557,1557,5,7,17,42,350,software
1558,1558,24,10,24,13,287,pharmaceutical
1559,1559,4,20,13,29,81,realestate
1560,1560,4,14,27,38,93,realestate
1561,1561,10,23,10,43,474,pharmaceutical
1562,1562,5,28,20,37,359,software
1563,1563,10,16,29,22,493,software
1564,1564,11,17,27,38,487,realestate
1565,1565,17,4,26,33,444,pharmaceutical
1566,1566,4,5,7,7,130,education
1567,1567,31,18,20,16,462,realestate
1568,1568,25,25,17,36,513,education
1569,1569,13,23,27,40,348,financial
1570,1570,42,30,5,1,320,software
1571,1571,2,12,23,2,80,financial
1572,1572,2,5,17,43,80,realestate
1573,1573,20,22,12,29,375,financial
1574,1574,31,21,25,26,502,realestate
1575,1575,7,24,28,2,375,education
1576,1576,23,14,20,32,282,financial
1577,1577,20,14,25,10,402,pharmaceutical
1578,1578,39,13,22,7,441,pharmaceutical
1579,1579,17,21,22,18,423,education
1580,1580,0,5,10,17,121,retail
1581,1581,16,9,19,37,270,realestate
1582,1582,18,24,4,9,76,education
1583,1583,37,24,17,7,84,realestate
1584,1584,12,11,23,35,269,pharmaceutical
1585,1585,14,24,12,9,377,retail
1586,1586,47,3,16,2,300,pharmaceutical
1587,1587,31,29,0,43,521,financial
1588,1588,3,7,14,18,47,retail
1589,1589,48,1,10,32,215,software
1590,1590,18,3,18,29,98,realestate
1591,1591,46,13,1,13,102,software
1592,1592,35,16,20,23,506,retail
1593,1593,28,22,25,21,86,pharmaceutical
1594,1594,11,11,7,27,470,realestate
1595,1595,12,12,17,13,261,software
1596,1596,2,26,9,27,82,software
1597,1597,31,18,22,6,492,pharmaceutical
1598,1598,31,24,21,14,499,software
1599,1599,46,27,23,3,137,financial
1600,1600,26,24,21,21,335,realestate
1601,1601,24,29,20,20,274,pharmaceutical
1602,1602,29,25,29,1,372,software
1603,1603,41,22,10,2,333,education
1604,1604,11,2,15,16,489,realestate
1605,1605,4,7,19,17,73,retail
1606,1606,27,4,28,14,139,pharmaceutical
1607,1607,32,29,15,11,244,education
1608,1608,8,25,3,24,273,education
1609,1609,7,10,8,30,404,retail
1610,1610,17,29,13,19,441,realestate
1611,1611,40,11,18,39,228,pharmaceutical
1612,1612,3,30,14,9,89,software
1613,1613,3,1,29,24,57,retail
1614,1614,30,23,24,19,223,retail
1615,1615,16,10,6,15,279,retail
1616,1616,13,29,2,33,360,education
1617,1617,24,2,17,20,301,financial
1618,1618,42,27,26,38,344,education
1619,1619,13,14,14,19,383,software
1620,1620,32,28,7,44,248,pharmaceutical
1621,1621,8,9,7,36,294,education
1622,1622,0,28,6,13,121,software
1623,1623,5,19,19,8,334,realestate
1624,1624,46,15,26,24,95,software
1625,1625,32,12,19,6,252,retail
1626,1626,47,24,28,32,308,retail
1627,1627,40,6,4,6,215,education
1628,1628,9,5,17,6,326,pharmaceutical
1629,1629,15,20,21,36,322,realestate
1630,1630,27,2,14,23,140,software
1631,1631,11,12,28,20,475,education
1632,1632,31,15,15,31,502,software
1633,1633,33,26,20,33,52,financial
1634,1634,2,20,7,38,81,software
1635,1635,18,18,18,39,100,realestate
1636,1636,19,21,16,25,346,education
1637,1637,34,26,29,43,399,software
1638,1638,22,17,24,25,486,education
1639,1639,41,28,10,0,276,pharmaceutical
1640,1640,30,5,5,10,245,pharmaceutical
1641,1641,29,4,0,35,390,financial
1642,1642,47,2,10,19,299,financial
1643,1643,28,11,17,22,94,software
1644,1644,6,8,1,27,253,education
1645,1645,27,6,24,8,144,pharmaceutical
1646,1646,11,26,29,21,477,education
1647,1647,25,23,9,4,534,financial
1648,1648,40,8,27,27,221,financial
1649,1649,47,2,14,1,306,education
1650,1650,20,29,17,26,369,education
1651,1651,3,23,14,21,78,education
1652,1652,18,23,13,5,83,realestate
1653,1653,36,22,17,30,84,realestate
1654,1654,5,9,2,21,359,realestate
1655,1655,30,25,26,37,262,education
1656,1656,48,25,23,44,146,pharmaceutical
1657,1657,29,5,20,43,363,software
1658,1658,17,12,12,32,433,financial
1659,1659,6,17,13,25,264,financial
1660,1660,7,10,29,20,367,pharmaceutical
1661,1661,5,16,28,2,342,financial
1662,1662,19,17,17,6,319,realestate
1663,1663,9,19,25,37,311,pharmaceutical
1664,1664,15,3,22,44,330,realestate
1665,1665,49,1,24,27,191,education
1666,1666,35,18,29,10,476,software
1667,1667,11,27,28,27,461,software
1668,1668,49,30,1,13,191,realestate
1669,1669,18,29,8,19,71,education
1670,1670,17,29,21,8,431,financial
1671,1671,47,23,14,43,308,education
1672,1672,37,3,13,10,132,financial
1673,1673,2,24,27,8,79,retail
1674,1674,48,28,23,6,159,software
1675,1675,26,4,3,38,330,financial
1676,1676,18,25,12,38,83,software
1677,1677,14,18,18,42,360,pharmaceutical
1678,1678,10,12,13,37,505,education
1679,1679,32,3,29,6,270,realestate
1680,1680,21,11,26,5,152,software
1681,1681,25,2,6,38,539,education
1682,1682,20,21,1,1,408,realestate
1683,1683,11,9,14,27,477,education
1684,1684,16,21,11,7,266,realestate
1685,1685,45,13,10,13,183,financial
1686,1686,3,9,29,26,67,realestate
1687,1687,48,23,28,39,207,retail
1688,1688,42,11,19,3,325,realestate
1689,1689,41,2,20,4,274,education
1690,1690,18,26,24,28,101,pharmaceutical
1691,1691,32,17,24,42,254,pharmaceutical
1692,1692,24,1,21,38,299,realestate
1693,1693,33,28,24,21,53,pharmaceutical
1694,1694,33,15,15,37,53,software
1695,1695,5,30,14,9,365,education
1696,1696,49,26,25,38,185,retail
1697,1697,41,12,23,14,293,software
1698,1698,47,4,5,26,319,retail
1699,1699,38,28,10,13,285,retail
1700,1700,31,13,2,40,469,realestate
1701,1701,15,13,28,27,325,software
1702,1702,0,6,19,22,120,realestate
1703,1703,30,3,21,16,213,realestate
1704,1704,6,18,5,20,221,retail
1705,1705,37,1,17,20,135,education
1706,1706,26,24,26,38,332,financial
1707,1707,9,26,13,36,337,education
1708,1708,31,10,17,0,493,financial
1709,1709,25,25,20,15,531,education
1710,1710,23,29,2,14,302,realestate
1711,1711,44,4,17,14,387,financial
1712,1712,1,19,25,15,282,financial
1713,1713,31,22,5,3,484,retail
1714,1714,1,30,14,27,305,education
1715,1715,3,29,19,19,51,pharmaceutical
1716,1716,26,4,3,16,331,financial
1717,1717,17,20,9,20,445,software
1718,1718,37,4,22,8,120,software
1719,1719,44,4,20,32,375,pharmaceutical
1720,1720,49,20,10,13,182,financial
1721,1721,32,1,21,37,295,retail
1722,1722,46,13,12,43,88,realestate
1723,1723,26,23,11,5,332,financial
1724,1724,29,9,18,32,356,pharmaceutical
1725,1725,6,6,18,16,247,realestate
1726,1726,3,25,26,25,53,software
1727,1727,14,17,0,3,372,financial
1728,1728,24,12,7,32,275,pharmaceutical
1729,1729,30,21,5,10,220,software
1730,1730,47,1,15,17,299,financial
1731,1731,42,24,10,21,309,retail
1732,1732,6,10,5,24,252,realestate
1733,1733,37,17,17,2,87,education
1734,1734,49,2,4,4,183,pharmaceutical
1735,1735,42,24,14,29,285,realestate
1736,1736,40,16,6,19,224,realestate
1737,1737,6,29,16,23,248,retail
1738,1738,24,30,27,13,259,financial
1739,1739,18,16,18,24,51,education
1740,1740,21,19,14,16,160,software
1741,1741,10,8,1,8,477,software
1742,1742,44,12,24,28,382,education
1743,1743,9,22,15,24,321,realestate
1744,1744,39,18,25,6,413,pharmaceutical
1745,1745,39,30,24,29,419,retail
1746,1746,21,14,25,39,152,realestate
1747,1747,24,13,28,36,266,retail
1748,1748,33,8,21,39,51,retail
1749,1749,5,12,10,31,333,pharmaceutical
1750,1750,8,12,7,30,300,education
1751,1751,28,10,20,34,91,software
1752,1752,7,23,27,10,371,financial
1753,1753,15,16,11,19,312,pharmaceutical
1754,1754,20,10,14,37,387,education
1755,1755,16,30,27,4,270,realestate
1756,1756,44,23,1,16,375,retail
1757,1757,35,2,9,37,480,realestate
1758,1758,10,9,3,33,491,software
1759,1759,36,18,9,19,54,software
1760,1760,28,21,10,0,92,pharmaceutical
1761,1761,13,17,8,38,330,education
1762,1762,34,17,6,7,388,software
1763,1763,48,14,1,20,178,financial
1764,1764,45,23,15,24,178,education
1765,1765,37,17,2,38,121,pharmaceutical
1766,1766,34,9,27,0,382,pharmaceutical
1767,1767,48,12,6,3,163,education
1768,1768,12,7,3,26,268,realestate
1769,1769,12,6,12,21,290,education
1770,1770,13,11,0,4,360,realestate
1771,1771,44,28,15,12,377,education
1772,1772,0,11,7,20,120,financial
1773,1773,4,28,27,14,111,education
1774,1774,16,11,12,29,268,retail
1775,1775,16,29,2,38,279,realestate
1776,1776,30,16,27,8,218,retail
1777,1777,47,16,9,41,318,pharmaceutical
1778,1778,3,12,6,4,92,software
1779,1779,17,12,13,11,438,financial
1780,1780,46,7,26,32,65,education
1781,1781,1,4,28,39,348,education
1782,1782,13,29,1,7,370,education
1783,1783,37,1,10,44,130,software
1784,1784,37,6,23,13,114,financial
1785,1785,0,5,26,9,119,education
1786,1786,45,8,17,16,154,education
1787,1787,36,24,15,30,35,education
1788,1788,39,13,9,15,441,financial
1789,1789,30,28,4,19,255,realestate
1790,1790,12,20,17,35,287,retail
1791,1791,36,13,23,31,56,realestate
1792,1792,38,19,3,10,291,education
1793,1793,28,26,10,37,93,pharmaceutical
1794,1794,11,29,12,34,454,retail
1795,1795,6,9,4,44,253,education
1796,1796,40,20,10,13,226,education
1797,1797,10,29,15,23,482,education
1798,1798,13,30,1,11,328,realestate
1799,1799,9,29,23,4,313,realestate
1800,1800,33,30,20,43,52,retail
1801,1801,4,19,12,30,125,pharmaceutical
1802,1802,23,4,16,17,282,pharmaceutical
1803,1803,15,28,6,2,318,pharmaceutical
1804,1804,48,28,28,36,184,realestate
1805,1805,34,6,29,1,372,realestate
1806,1806,31,5,22,28,465,pharmaceutical
1807,1807,38,6,0,0,277,realestate
1808,1808,41,8,1,20,311,software
1809,1809,16,17,8,42,268,financial
1810,1810,28,19,25,11,88,retail
1811,1811,8,23,7,17,251,pharmaceutical
1812,1812,40,20,28,27,211,retail
1813,1813,41,6,27,32,296,retail
1814,1814,36,3,9,26,66,software
1815,1815,1,10,23,23,332,pharmaceutical
1816,1816,43,13,19,3,322,realestate
1817,1817,13,21,20,24,355,realestate
1818,1818,20,22,0,28,424,pharmaceutical
1819,1819,2,4,23,37,85,software
1820,1820,7,1,28,42,390,pharmaceutical
1821,1821,31,7,24,43,468,realestate
1822,1822,15,30,17,22,310,retail
1823,1823,38,12,26,44,284,education
1824,1824,0,4,11,21,121,education
1825,1825,19,10,23,11,333,education
1826,1826,26,3,29,21,330,financial
1827,1827,25,30,3,18,521,software
1828,1828,13,13,24,1,369,software
1829,1829,48,24,2,27,157,pharmaceutical
1830,1830,31,11,20,5,491,pharmaceutical
1831,1831,32,26,23,21,266,software
1832,1832,18,24,10,41,64,retail
1833,1833,28,30,2,24,84,education
1834,1834,19,6,20,8,344,financial
1835,1835,11,5,25,44,485,software
1836,1836,38,10,26,36,293,education
1837,1837,48,25,5,0,202,financial
1838,1838,41,24,2,14,287,retail
1839,1839,44,25,5,37,384,realestate
1840,1840,42,17,14,23,314,financial
1841,1841,39,14,13,43,424,software
1842,1842,0,14,20,5,123,financial
1843,1843,22,5,14,2,505,realestate
1844,1844,32,12,1,26,270,pharmaceutical
1845,1845,11,30,8,33,479,financial
1846,1846,9,4,12,4,285,education
1847,1847,49,19,13,41,181,realestate
1848,1848,43,7,19,39,315,pharmaceutical
1849,1849,15,8,23,25,299,realestate
1850,1850,8,10,9,42,239,pharmaceutical
1851,1851,22,18,1,39,491,software
1852,1852,18,11,24,2,85,pharmaceutical
1853,1853,35,21,20,27,481,education
1854,1854,25,26,18,7,538,financial
1855,1855,1,18,18,3,300,financial
1856,1856,38,11,28,1,282,financial
1857,1857,34,27,27,10,367,financial
1858,1858,10,12,3,37,496,pharmaceutical
1859,1859,36,25,2,35,68,software
1860,1860,43,19,21,41,327,realestate
1861,1861,14,6,18,18,364,software
1862,1862,37,21,2,36,88,retail
1863,1863,14,11,10,0,376,pharmaceutical
1864,1864,46,13,18,2,62,education
1865,1865,48,17,25,23,215,pharmaceutical
1866,1866,44,4,0,5,375,realestate
1867,1867,2,10,19,3,79,realestate
1868,1868,20,12,26,12,393,education
1869,1869,2,7,28,10,98,education
1870,1870,43,3,3,23,316,education
1871,1871,37,20,6,24,82,software
1872,1872,16,6,16,5,274,financial
1873,1873,36,5,24,13,123,realestate
1874,1874,46,6,15,29,57,financial
1875,1875,47,3,21,8,306,retail
1876,1876,14,13,8,4,370,realestate
1877,1877,29,9,2,35,385,pharmaceutical
1878,1878,12,20,19,22,273,education
1879,1879,49,27,25,38,187,education
1880,1880,5,11,6,30,357,education
1881,1881,41,18,5,3,276,software
1882,1882,15,13,27,32,310,pharmaceutical
1883,1883,19,6,3,5,318,software
1884,1884,44,10,17,0,366,pharmaceutical
1885,1885,37,24,6,17,125,financial
1886,1886,38,28,20,11,279,software
1887,1887,19,11,9,27,352,software
1888,1888,14,25,25,35,364,pharmaceutical
1889,1889,9,22,24,1,306,realestate
1890,1890,47,24,18,2,313,education
1891,1891,33,5,24,8,48,retail
1892,1892,6,2,10,5,221,education
1893,1893,36,23,21,1,92,education
1894,1894,22,2,14,26,489,education
1895,1895,21,11,3,17,140,education
1896,1896,35,10,20,29,530,retail
1897,1897,32,12,3,14,258,education
1898,1898,20,25,9,22,378,education
1899,1899,21,13,7,38,147,retail
1900,1900,14,5,26,34,377,education
1901,1901,7,25,29,7,371,education
1902,1902,39,5,22,17,419,financial
1903,1903,39,19,5,18,430,realestate
1904,1904,25,5,28,41,534,retail
1905,1905,37,14,25,28,85,realestate
1906,1906,31,22,6,34,492,pharmaceutical
1907,1907,47,11,3,13,304,retail
1908,1908,29,19,1,1,371,realestate
1909,1909,1,5,16,23,345,pharmaceutical
1910,1910,44,13,27,40,367,realestate
1911,1911,2,21,11,39,93,software
1912,1912,39,2,23,25,435,education
1913,1913,43,10,7,33,327,software
1914,1914,29,19,6,9,360,financial
1915,1915,35,25,21,43,514,education
1916,1916,23,9,28,18,281,retail
1917,1917,16,23,7,13,276,realestate
1918,1918,21,26,18,41,166,retail
1919,1919,47,9,17,42,305,financial
1920,1920,31,2,7,15,498,financial
1921,1921,7,7,24,8,362,retail
1922,1922,48,30,28,10,141,financial
1923,1923,5,1,24,44,356,pharmaceutical
1924,1924,1,12,5,7,293,retail
1925,1925,23,23,26,7,302,realestate
1926,1926,34,2,4,38,367,pharmaceutical
1927,1927,35,27,2,29,533,financial
1928,1928,42,14,29,12,322,education
1929,1929,23,12,0,6,301,retail
1930,1930,44,16,12,42,373,pharmaceutical
1931,1931,37,17,5,16,88,retail
1932,1932,30,27,14,4,254,financial
1933,1933,0,18,23,18,119,retail
1934,1934,39,10,7,39,430,retail
1935,1935,46,16,29,34,83,software
1936,1936,21,26,17,13,172,pharmaceutical
1937,1937,25,23,15,2,513,pharmaceutical
1938,1938,22,5,7,23,482,financial
1939,1939,33,10,16,27,48,financial
1940,1940,9,6,26,15,315,retail
1941,1941,35,6,11,42,523,retail
1942,1942,29,27,15,29,350,software
1943,1943,36,23,3,31,124,pharmaceutical
1944,1944,36,30,6,27,65,pharmaceutical
1945,1945,39,22,5,2,427,financial
1946,1946,7,4,19,32,359,pharmaceutical
1947,1947,27,24,13,15,148,realestate
1948,1948,1,16,10,2,322,pharmaceutical
1949,1949,12,1,3,22,265,financial
1950,1950,19,4,17,44,349,realestate
1951,1951,8,7,5,28,233,pharmaceutical
1952,1952,15,2,8,24,326,pharmaceutical
1953,1953,34,28,5,37,376,education
1954,1954,46,18,27,42,70,pharmaceutical
1955,1955,14,23,14,7,371,financial
1956,1956,25,26,14,0,546,software
1957,1957,2,23,11,26,84,financial
1958,1958,39,9,17,6,429,software
1959,1959,5,26,5,42,353,education
1960,1960,14,19,8,15,379,education
1961,1961,24,6,17,10,270,software
1962,1962,25,8,19,29,533,financial
1963,1963,32,27,15,25,274,retail
1964,1964,48,10,18,17,179,financial
1965,1965,7,10,13,43,360,financial
1966,1966,48,26,6,20,211,realestate
1967,1967,7,3,24,0,371,realestate
1968,1968,0,14,10,21,119,education
1969,1969,35,16,18,11,520,pharmaceutical
1970,1970,5,18,27,41,369,financial
1971,1971,45,3,13,35,165,education
1972,1972,36,17,28,24,119,financial
1973,1973,35,4,12,25,509,education
1974,1974,5,26,21,1,333,retail
1975,1975,47,23,2,12,318,financial
1976,1976,48,13,24,32,186,pharmaceutical
1977,1977,27,7,26,44,132,pharmaceutical
1978,1978,46,25,6,28,115,education
1979,1979,27,21,14,5,137,software
1980,1980,48,22,10,19,192,realestate
1981,1981,23,6,11,5,312,education
1982,1982,14,2,27,6,372,education
1983,1983,27,5,20,43,138,pharmaceutical
1984,1984,43,9,25,39,314,financial
1985,1985,4,14,22,27,84,education
1986,1986,5,24,2,3,373,realestate
1987,1987,22,20,11,22,525,financial
1988,1988,21,27,28,34,145,realestate
1989,1989,47,26,3,29,311,financial
1990,1990,25,30,6,33,533,education
1991,1991,12,17,20,5,277,pharmaceutical
1992,1992,3,12,25,23,85,software
1993,1993,49,1,12,22,193,software
1994,1994,29,26,19,42,367,software
1995,1995,21,22,3,29,137,pharmaceutical
1996,1996,20,1,16,12,383,realestate
1997,1997,45,24,29,29,147,financial
1998,1998,18,29,3,29,78,realestate
1999,1999,2,15,6,24,95,education
